﻿Address,City,SquareFootage,Acreage,AskingPrice,SalePrice,SaleDate,Agent
48023 Pearl Street,Louisville,"1,438",0.3,206519.46,165339.48,2/9/2020,Timothy Case
73842 Hartford Road,Louisville,"1,116",0.8,204486.93,170153.57,10/10/2020,Timothy Case
72026 Franklin Court,Richmond,"2,471",0.3,385942.45,367262.84,2/12/2020,Timothy Case
12946 Cypress Court,Louisville,"2,614",0.6,335311.31,303926.17,2/23/2020,Trevon Lutz
84565 Mill Street,Lexington,"9,355",8.2,1540675.28,1405095.86,5/12/2020,Tristan Blevins
12033 Warren Street,St. Matthews,"2,752",0.1,404719.17,334581.34,4/17/2020,Judith Moreno
96422 6th Street West,Frankfort,"2,030",0.1,284708.28,256265.93,11/15/2020,Deven Payne
78793 Marshall Street,Covington,"2,923",0.7,367653.58,296071.43,2/28/2020,Tristan Blevins
36776 Atlantic Avenue,Louisville,"5,175",0.6,615556.43,591980.62,8/3/2020,Judith Moreno
79180 Sherwood Drive,Covington,"1,902",0.4,279883.34,226229.70,9/5/2020,Ivan Cordova
93402 Catherine Street,Jeffersontown,"2,596",0.7,425316.15,392439.21,11/10/2020,Payton Evans
19724 Lexington Court,Louisville,"1,678",0.5,234716.31,194908.42,9/11/2020,Deven Payne
82866 Heather Court,Louisville,"2,433",0.4,368956.17,345933.30,12/21/2020,Tristan Blevins
72481 Cardinal Drive,Covington,"1,256",0.7,199055.34,170948.73,9/20/2020,Judith Moreno
12113 3rd Street East,Lexington,"2,128",0.5,265276.80,227076.94,8/29/2020,Trevon Lutz
90548 7th Avenue,Jeffersontown,"9,528",0.6,1203374.67,968235.26,5/27/2020,Timothy Case
26986 York Street,Florence,"2,299",0.5,345198.98,336776.13,1/21/2020,Payton Evans
48929 Fawn Lane,St. Matthews,"1,175",0.7,213791.96,200600.99,4/18/2020,Trevon Lutz
80164 Dogwood Lane,Jeffersontown,"2,750",0.9,377296.38,372693.36,4/28/2020,Tristan Blevins
46152 Park Avenue,Georgetown,"1,382",0.3,203786.68,196552.25,12/6/2020,Priscilla Jackson
26450 1st Street,Florence,"1,025",1,215401.22,207905.26,1/8/2020,Trevon Lutz
85246 Roberts Road,Lexington,"1,931",0.5,294003.67,284889.56,9/8/2020,Hazel Richardson
67824 Lake Avenue,Georgetown,"1,520",0.9,275084.16,234069.11,4/29/2020,Timothy Case
76285 Delaware Avenue,Erlanger,"1,710",0.9,225630.90,220057.81,7/13/2020,Payton Evans
77970 Street Road,Louisville,"2,112",0.1,306971.90,246651.92,3/13/2020,Payton Evans
28310 Lafayette Street,Jeffersontown,"2,123",0.5,324349.09,288735.56,9/30/2020,Tristan Blevins
36821 Somerset Drive,Lexington,"1,106",0.9,183841.33,176800.21,8/25/2020,Payton Evans
26922 Broad Street,St. Matthews,"3,292",0.7,499798.63,434874.79,8/29/2020,Kaitlynn Oconnor
75729 Glenwood Drive,St. Matthews,"2,717",0.8,348532.80,305210.17,3/28/2020,Timothy Case
72093 Canal Street,Jeffersontown,"4,117",0.5,561036.81,480808.54,4/18/2020,Judith Moreno
94496 Route 32,St. Matthews,"1,123",0.6,203234.51,168420.44,3/3/2020,Deven Payne
67966 Main Street North,Louisville,"9,938",0.8,1044091.92,979567.04,5/8/2020,Eliana Baker
29269 6th Street,Louisville,"1,238",0.5,200375.95,169498.01,8/1/2020,Deven Payne
92734 Willow Drive,Florence,"2,881",0.3,348404.38,296317.92,7/27/2020,Priscilla Jackson
10965 Oak Street,St. Matthews,"2,833",0.5,330672.56,290462.78,8/28/2020,Eliana Baker
22428 Durham Court,Jeffersontown,"2,126",0.2,299930.87,269667.85,1/26/2020,Trevon Lutz
77445 Cedar Court,Jeffersontown,"1,652",0.6,206772.66,179954.24,10/2/2020,Evelyn Everett
16491 Primrose Lane,Florence,"1,778",0.2,256211.77,228925.22,2/23/2020,Tristan Blevins
28939 Elizabeth Street,Florence,"2,622",6.8,722776.45,588340.03,3/26/2020,Hazel Richardson
78335 Ashley Court,Florence,"2,275",0.6,380368.18,314488.41,4/15/2020,Deven Payne
72588 Country Club Road,Jeffersontown,"9,922",0.8,1325395.38,1245739.12,12/23/2020,Payton Evans
69911 Aspen Court,Georgetown,"3,195",0.9,510620.03,415236.21,2/27/2020,Timothy Case
17484 Edgewood Road,Louisville,"6,790",0.6,863190.19,724130.25,11/18/2020,Timothy Case
95923 Mulberry Court,Richmond,"1,513",0.1,183558.28,174215.16,1/5/2020,Eliana Baker
87356 8th Street,St. Matthews,"2,891",0.9,430456.94,415347.90,4/9/2020,Hazel Richardson
53395 Bridle Court,Erlanger,"2,922",0.6,363070.90,328506.55,9/8/2020,Trevon Lutz
22138 Liberty Street,Lexington,"2,685",8.9,867125.43,784488.37,9/22/2020,Timothy Case
89953 Garden Street,Richmond,"1,519",0.8,235031.03,220036.05,8/17/2020,Deven Payne
99092 Highland Avenue,Erlanger,"1,643",0.3,190489.55,155877.60,3/20/2020,Deven Payne
24680 Pleasant Street,Richmond,"1,781",1,271825.00,248828.60,8/16/2020,Payton Evans
86859 Linden Avenue,Lexington,"1,429",0.9,226285.80,218297.91,10/22/2020,Priscilla Jackson
98749 Jefferson Court,Florence,"1,541",10,781520.48,649677.97,5/21/2020,Timothy Case
51378 East Street,St. Matthews,"2,724",0.4,352280.77,307752.48,7/22/2020,Judith Moreno
76755 Church Street,Louisville,"2,013",0.9,280808.66,253149.01,10/21/2020,Tristan Blevins
14614 Sycamore Street,Frankfort,"1,714",0.9,219111.10,190626.66,3/5/2020,Hazel Richardson
34042 Canterbury Road,Covington,"1,407",1,222006.98,214969.36,8/13/2020,Ivan Cordova
50203 Strawberry Lane,Lexington,"1,964",0.4,292900.14,263844.45,7/5/2020,Timothy Case
64105 Clinton Street,Nicholasville,"7,485",6.2,1099477.49,1081116.21,10/16/2020,Judith Moreno
18881 West Avenue,Lexington,"1,219",0.6,192930.30,158067.79,7/12/2020,Kaitlynn Oconnor
90586 George Street,Jeffersontown,"1,158",0.5,212532.16,203010.72,1/1/2020,Tristan Blevins
40086 2nd Street East,Covington,"2,896",0.3,331103.09,312031.56,8/3/2020,Judith Moreno
31965 Church Street South,Florence,"2,426",0.8,400924.49,325510.59,10/19/2020,Trevon Lutz
89007 Cooper Street,Louisville,"1,983",0.8,320257.20,274908.78,3/17/2020,Eliana Baker
28679 Circle Drive,St. Matthews,"1,019",0.4,151545.61,144726.06,8/17/2020,Judith Moreno
64661 5th Street North,Lexington,"2,475",0.6,366559.18,299222.26,11/10/2020,Ivan Cordova
83221 Old York Road,Richmond,"1,409",0.1,204933.77,173251.01,10/28/2020,Deven Payne
21673 Holly Court,Louisville,"2,693",0.1,331282.14,274831.66,9/1/2020,Ivan Cordova
15096 Crescent Street,Jeffersontown,"2,234",0.2,235735.01,201482.71,10/18/2020,Trevon Lutz
85888 Summit Street,Covington,"1,046",3,311965.71,286914.87,4/19/2020,Trevon Lutz
75510 Hawthorne Avenue,Jeffersontown,"1,444",19.9,1355739.21,1151971.61,10/23/2020,Judith Moreno
79626 North Street,Lexington,"2,944",0.4,426052.20,384810.35,2/21/2020,Hazel Richardson
94469 Arch Street,Jeffersontown,"2,563",0.7,321969.92,263950.94,11/13/2020,Deven Payne
76569 Parker Street,Lexington,"2,522",0.2,311145.12,255947.98,3/16/2020,Priscilla Jackson
84136 Cherry Street,Jeffersontown,"3,770",0.3,498865.01,449876.47,5/23/2020,Tristan Blevins
19023 John Street,Florence,"1,771",0.6,302289.44,265077.61,5/16/2020,Tristan Blevins
46755 Ivy Court,Covington,"2,914",11.4,1300814.56,1179188.39,8/3/2020,Priscilla Jackson
77891 Green Street,Louisville,"2,152",0.2,319177.44,309634.03,5/23/2020,Hazel Richardson
26747 Oxford Road,Georgetown,"2,054",0.9,293308.88,268612.27,4/22/2020,Tristan Blevins
99124 Euclid Avenue,Nicholasville,"2,186",0.3,240193.16,236878.49,1/31/2020,Kaitlynn Oconnor
62995 York Road,Lexington,"2,569",0.8,358786.73,322441.64,8/1/2020,Judith Moreno
93603 Cedar Street,Florence,"1,835",0.2,201286.42,179789.03,3/28/2020,Trevon Lutz
97829 4th Street South,Georgetown,"2,260",0.5,369956.85,338510.52,11/28/2020,Judith Moreno
28288 8th Avenue,Florence,"1,990",0.7,255502.98,230744.74,4/3/2020,Priscilla Jackson
64260 Jones Street,Louisville,"1,871",0.3,289159.33,253563.82,7/9/2020,Payton Evans
48895 Surrey Lane,Covington,"1,787",0.5,298126.79,252453.77,2/7/2020,Timothy Case
23305 12th Street East,Nicholasville,"1,003",0.6,137252.50,134603.53,7/10/2020,Timothy Case
21774 Rosewood Drive,Louisville,"2,639",0.6,357033.15,337289.22,4/18/2020,Timothy Case
71135 Locust Lane,Covington,"1,615",0.5,200988.96,169011.62,1/10/2020,Timothy Case
20192 Park Street,Lexington,"2,372",0.4,369378.35,356523.98,5/29/2020,Timothy Case
66160 Ridge Road,Louisville,"1,621",27.9,2445852.30,2192217.42,11/27/2020,Timothy Case
44906 Oxford Court,Florence,"2,754",0.3,345803.04,325919.37,1/31/2020,Deven Payne
33007 School Street,Louisville,"1,463",1,260573.37,246762.98,7/7/2020,Tristan Blevins
59434 Hillside Drive,Florence,"8,009",25.9,2989060.47,2541897.02,6/11/2020,Trevon Lutz
93066 Union Street,Richmond,"2,756",0.5,334796.04,310623.77,10/16/2020,Deven Payne
29827 Laurel Street,Georgetown,"2,139",0.2,235844.04,219429.30,6/22/2020,Eliana Baker
70197 Grove Avenue,Georgetown,"2,800",0.5,454562.43,452744.18,5/8/2020,Deven Payne
30641 Inverness Drive,Richmond,"9,016",0.3,970620.80,862784.83,4/17/2020,Payton Evans
22048 White Street,Georgetown,"2,466",0.2,387808.05,347941.38,2/27/2020,Hazel Richardson
17370 Fulton Street,Jeffersontown,"2,131",0.2,328867.33,303149.90,6/4/2020,Hazel Richardson
24804 Fairview Road,Jeffersontown,"1,494",1,276696.01,225064.53,11/7/2020,Evelyn Everett
19600 Victoria Court,Frankfort,"2,236",0.4,325551.40,293159.04,7/10/2020,Deven Payne
85256 3rd Street North,Richmond,"1,738",0.3,238996.23,224393.56,4/3/2020,Trevon Lutz
22461 Grant Street,Covington,"1,916",0.9,354041.97,345792.79,2/25/2020,Payton Evans
98357 Hillcrest Avenue,Florence,"1,928",0.2,273503.40,235623.18,9/25/2020,Timothy Case
49505 Howard Street,Erlanger,"4,825",0.4,528084.74,492227.78,6/10/2020,Ivan Cordova
82652 Essex Court,Louisville,"1,768",15.5,1285035.17,1047046.66,6/25/2020,Deven Payne
92380 Willow Street,Jeffersontown,"1,872",9.4,712019.04,706251.69,3/28/2020,Tristan Blevins
67933 Route 11,Jeffersontown,"1,511",0.2,231620.44,224833.96,1/13/2020,Deven Payne
67733 Route 41,Richmond,"1,326",0.9,265226.07,236369.47,3/9/2020,Timothy Case
38163 Mechanic Street,Florence,"2,642",0.2,330022.43,302003.53,7/31/2020,Tristan Blevins
64073 4th Street North,Erlanger,"1,989",0.4,284424.97,263661.95,9/27/2020,Tristan Blevins
89108 5th Street West,Covington,"1,277",0.4,218169.88,188106.07,11/13/2020,Tristan Blevins
43537 Hillside Avenue,Jeffersontown,"2,271",12.9,961740.81,930676.58,2/10/2020,Deven Payne
49365 Hamilton Street,Louisville,"1,086",0.2,133570.94,133477.44,6/30/2020,Trevon Lutz
64103 Overlook Circle,Covington,"1,927",0.2,303579.32,257678.13,9/19/2020,Eliana Baker
78079 Buttonwood Drive,Louisville,"1,955",0.4,322662.41,266422.35,6/13/2020,Hazel Richardson
29139 College Avenue,Georgetown,"1,487",0.2,180459.62,170750.89,12/11/2020,Tristan Blevins
29206 Lawrence Street,St. Matthews,"2,947",0.8,346366.63,325099.72,4/12/2020,Tristan Blevins
85034 Spruce Street,Lexington,"2,596",0.8,390106.95,374697.73,1/4/2020,Judith Moreno
42536 Route 9,Louisville,"3,460",0.5,403313.79,381776.83,3/18/2020,Trevon Lutz
83827 Cherry Lane,Georgetown,"1,683",0.8,255220.01,247767.59,3/25/2020,Priscilla Jackson
18899 Queen Street,Lexington,"5,308",0.2,664379.43,556617.09,12/24/2020,Judith Moreno
71353 Adams Avenue,St. Matthews,"9,721",0.3,1249495.64,1237000.69,3/21/2020,Trevon Lutz
29646 Schoolhouse Lane,Covington,"1,649",0.8,220523.63,208350.72,1/14/2020,Deven Payne
99689 Redwood Drive,Louisville,"1,269",0.9,257447.61,243699.91,1/26/2020,Trevon Lutz
78409 Route 1,Lexington,"6,900",0.9,836117.80,752756.86,3/15/2020,Deven Payne
71957 Park Drive,St. Matthews,"2,264",0.5,287864.80,279545.51,2/13/2020,Trevon Lutz
30007 Franklin Street,Nicholasville,"1,376",0.4,199845.65,187894.88,7/6/2020,Judith Moreno
40348 Riverside Drive,Louisville,"2,844",0.8,343556.27,330226.29,11/18/2020,Tristan Blevins
63872 Heritage Drive,Louisville,"7,079",0.6,990964.86,939335.59,9/29/2020,Deven Payne
76254 Lincoln Street,Louisville,"1,433",1,195669.17,160937.89,3/17/2020,Eliana Baker
29762 Maple Street,Georgetown,"1,958",0.3,230562.64,204555.17,6/29/2020,Kaitlynn Oconnor
88642 Highland Drive,Florence,"2,277",0.5,285692.42,242238.61,2/8/2020,Priscilla Jackson
88654 5th Street East,Georgetown,"2,255",0.4,256827.59,219253.71,6/18/2020,Deven Payne
90215 Walnut Avenue,Covington,"2,613",0.4,316535.81,310679.90,10/10/2020,Deven Payne
73928 Chestnut Avenue,Jeffersontown,"2,131",0.5,325147.85,305086.23,11/2/2020,Kaitlynn Oconnor
87430 Cedar Avenue,Frankfort,"3,740",0.7,486282.48,428706.63,1/27/2020,Evelyn Everett
69954 Devon Court,Louisville,"2,499",0.3,322088.79,268622.05,6/30/2020,Priscilla Jackson
34599 B Street,Lexington,"1,503",0.4,223771.80,200633.80,5/23/2020,Kaitlynn Oconnor
33031 Laurel Drive,Georgetown,"2,560",0.9,440914.00,430464.34,12/14/2020,Deven Payne
99991 Route 64,Louisville,"7,622",0.8,855906.95,720673.65,8/1/2020,Deven Payne
51037 Church Road,Jeffersontown,"1,786",0.9,327877.41,267449.60,12/15/2020,Trevon Lutz
30874 Market Street,St. Matthews,"1,621",0.2,231073.64,219519.96,9/20/2020,Priscilla Jackson
51434 Route 100,St. Matthews,"2,770",0.1,321416.10,316723.42,7/5/2020,Payton Evans
73661 Central Avenue,Lexington,"2,029",0.7,328416.69,299647.38,12/3/2020,Evelyn Everett
83297 Front Street North,Louisville,"2,305",0.7,272389.87,260214.04,12/18/2020,Payton Evans
34595 Oak Avenue,Erlanger,"5,712",0.9,717527.25,678637.28,11/9/2020,Tristan Blevins
10754 Court Street,Georgetown,"2,183",0.4,256846.10,245365.07,3/8/2020,Judith Moreno
12259 12th Street,St. Matthews,"1,683",5.1,565663.99,528613.00,8/5/2020,Judith Moreno
20498 Sycamore Lane,Covington,"2,513",0.4,318506.22,309396.94,8/6/2020,Timothy Case
52625 Canterbury Court,Jeffersontown,"4,624",0.9,521742.12,513915.99,6/25/2020,Priscilla Jackson
77674 Locust Street,Erlanger,"1,178",0.2,133626.43,128909.42,9/17/2020,Timothy Case
26427 Water Street,Florence,"2,048",0.1,284294.17,284038.31,12/7/2020,Trevon Lutz
27674 Beechwood Drive,Covington,"2,804",0.8,462126.93,437218.29,8/25/2020,Deven Payne
46566 Route 30,Lexington,"1,064",0.9,200696.43,182894.65,5/14/2020,Kaitlynn Oconnor
12065 Adams Street,Florence,"9,171",0.7,1160020.44,1152248.30,2/27/2020,Judith Moreno
65993 Columbia Street,Nicholasville,"1,233",0.5,225934.78,190146.71,2/16/2020,Hazel Richardson
40457 Henry Street,Jeffersontown,"1,942",0.7,276947.83,237316.59,8/11/2020,Hazel Richardson
75822 Chestnut Street,Georgetown,"2,639",0.6,297598.49,263672.26,12/15/2020,Tristan Blevins
49788 Brandywine Drive,St. Matthews,"6,296",0.6,816419.73,782619.96,12/25/2020,Deven Payne
98735 Hill Street,St. Matthews,"2,079",0.2,235810.49,233475.97,5/6/2020,Trevon Lutz
16366 Garfield Avenue,Florence,"2,334",0.9,317098.22,265220.95,1/23/2020,Priscilla Jackson
93967 Jefferson Street,Florence,"1,660",0.4,216014.04,187392.18,11/22/2020,Tristan Blevins
69992 Ridge Avenue,St. Matthews,"2,328",0.8,337766.76,303145.67,12/15/2020,Tristan Blevins
34763 6th Avenue,Covington,"1,956",0.9,357292.86,344823.34,4/6/2020,Timothy Case
87720 Route 10,Florence,"3,877",0.7,446526.08,357220.86,7/4/2020,Deven Payne
91349 Creek Road,Florence,"2,638",0.5,361516.63,337548.08,3/31/2020,Eliana Baker
22871 Poplar Street,Lexington,"4,611",1,685154.16,682139.48,11/29/2020,Trevon Lutz
69620 Lake Street,Georgetown,"2,086",0.4,268983.41,254861.78,10/20/2020,Eliana Baker
11434 Smith Street,Louisville,"1,212",0.6,164957.85,155588.24,8/2/2020,Timothy Case
96290 Sunset Avenue,Lexington,"2,496",0.3,288328.74,286771.76,8/6/2020,Deven Payne
37491 Briarwood Drive,Lexington,"1,284",0.8,194517.68,165476.19,1/17/2020,Tristan Blevins
65038 2nd Street,Nicholasville,"2,716",0.3,373451.73,317620.70,9/4/2020,Eliana Baker
96841 Route 29,Louisville,"2,913",0.6,445832.39,359831.32,3/8/2020,Timothy Case
84223 Mulberry Street,Richmond,"1,525",0.6,257333.83,235563.39,4/29/2020,Timothy Case
38495 Sycamore Drive,Richmond,"2,909",1,401169.66,398120.77,10/9/2020,Deven Payne
85442 State Street East,Florence,"1,712",0.8,217485.99,174815.24,6/29/2020,Priscilla Jackson
34853 Route 6,Louisville,"2,136",0.4,297511.89,249344.72,3/3/2020,Timothy Case
38120 Valley Drive,Louisville,"2,009",0.9,353061.01,314153.69,3/29/2020,Trevon Lutz
14445 Broad Street West,Lexington,"9,167",22.1,2618824.54,2585303.59,12/14/2020,Payton Evans
52013 Maple Avenue,St. Matthews,"1,217",0.4,180929.83,178469.18,10/2/2020,Eliana Baker
46871 Spruce Avenue,Erlanger,"2,361",0.8,401164.83,338101.72,3/19/2020,Tristan Blevins
45209 Cambridge Road,Florence,"7,851",0.2,906432.35,734844.70,5/1/2020,Deven Payne
75090 Devonshire Drive,Florence,"2,948",6,904036.58,855309.01,2/26/2020,Timothy Case
18501 Warren Avenue,Nicholasville,"2,785",0.9,394648.79,388097.62,11/27/2020,Hazel Richardson
15535 Jefferson Avenue,Frankfort,"1,393",0.2,165255.89,151737.96,11/3/2020,Hazel Richardson
91835 Cottage Street,Louisville,"6,030",0.4,863119.27,753330.50,4/30/2020,Tristan Blevins
50946 Deerfield Drive,Louisville,"1,388",0.1,208464.21,176006.33,8/16/2020,Payton Evans
83814 Front Street South,Jeffersontown,"2,348",0.8,393766.13,343600.33,2/7/2020,Timothy Case
38028 Woodland Avenue,Richmond,"1,002",0.2,154313.25,139607.20,10/18/2020,Trevon Lutz
86483 Evergreen Lane,Jeffersontown,"2,309",0.2,286662.81,239564.11,9/27/2020,Payton Evans
45617 Race Street,Lexington,"7,724",27.4,3230046.18,3194515.68,8/27/2020,Tristan Blevins
77202 Lafayette Avenue,Louisville,"1,531",23.5,1507731.75,1295895.44,10/5/2020,Hazel Richardson
21069 Main Street West,Louisville,"2,939",0.3,347064.22,281017.90,2/19/2020,Timothy Case
72391 Route 17,Jeffersontown,"2,722",0.7,358673.26,347877.20,3/31/2020,Deven Payne
63645 Berkshire Drive,Louisville,"2,118",0.8,273888.01,222314.90,1/21/2020,Deven Payne
28413 Valley View Road,Louisville,"1,828",0.9,271121.27,218876.20,3/1/2020,Deven Payne
77010 Ridge Street,Florence,"1,221",0.6,177350.90,149187.58,6/15/2020,Timothy Case
78515 Glenwood Avenue,Erlanger,"2,354",0.3,368914.87,316160.04,3/26/2020,Hazel Richardson
41913 Linda Lane,Florence,"1,562",0.4,189424.22,158055.57,11/23/2020,Timothy Case
42442 Durham Road,St. Matthews,"1,381",0.2,204283.50,188962.24,2/24/2020,Trevon Lutz
26118 Eagle Street,Richmond,"1,835",17.5,1345722.06,1133367.12,9/1/2020,Tristan Blevins
71830 Homestead Drive,Richmond,"1,362",0.7,207895.91,196815.06,11/9/2020,Timothy Case
42503 11th Street,Lexington,"1,097",0.8,187603.29,182969.49,1/2/2020,Trevon Lutz
78096 Penn Street,Jeffersontown,"2,960",0.8,504637.10,488488.71,9/26/2020,Hazel Richardson
56743 Arlington Avenue,Lexington,"2,424",0.6,295711.41,280925.84,2/13/2020,Trevon Lutz
57398 Route 202,Lexington,"1,032",0.3,145258.49,123426.14,10/15/2020,Deven Payne
50460 Rose Street,Frankfort,"4,747",0.2,697431.53,672602.97,5/23/2020,Deven Payne
13760 Wood Street,Jeffersontown,"1,553",0.3,208349.12,181680.43,12/22/2020,Deven Payne
92633 Railroad Street,Lexington,"2,821",3.9,666643.94,541914.86,8/30/2020,Deven Payne
38451 Windsor Drive,Florence,"2,401",0.8,343779.36,322190.02,4/5/2020,Tristan Blevins
91190 Vine Street,Jeffersontown,"1,917",0.2,254652.95,225011.34,12/20/2020,Kaitlynn Oconnor
47320 Forest Drive,Louisville,"2,830",0.5,427073.74,380608.11,4/7/2020,Tristan Blevins
88417 Andover Court,Florence,"2,065",0.3,322956.23,301705.71,4/11/2020,Ivan Cordova
24511 Manor Drive,Louisville,"2,604",0.3,322607.67,321994.72,3/24/2020,Ivan Cordova
90614 Clark Street,Louisville,"2,646",19,1280646.23,1038091.83,2/24/2020,Trevon Lutz
62697 7th Street,Covington,"1,698",0.5,291499.71,253342.40,5/31/2020,Hazel Richardson
28874 Myrtle Street,St. Matthews,"2,368",0.8,407446.84,373954.71,1/11/2020,Judith Moreno
82229 Morris Street,Jeffersontown,"1,609",0.4,196072.83,190229.86,11/10/2020,Priscilla Jackson
61870 Oak Lane,Lexington,"1,876",0.7,248723.15,208504.62,5/11/2020,Tristan Blevins
15249 Summer Street,Jeffersontown,"1,788",27.2,1838121.75,1791433.46,6/18/2020,Timothy Case
96470 Elmwood Avenue,Lexington,"9,134",0.8,1032935.66,842668.91,10/22/2020,Hazel Richardson
83206 Willow Lane,St. Matthews,"2,668",21.1,1429285.07,1174443.54,7/18/2020,Hazel Richardson
50759 Linden Street,Jeffersontown,"1,538",0.7,265749.90,259690.80,5/23/2020,Trevon Lutz
89277 River Road,Jeffersontown,"2,846",0.6,369592.69,334296.58,10/12/2020,Payton Evans
48725 Lakeview Drive,Louisville,"1,286",0.9,250257.17,208314.07,7/14/2020,Deven Payne
35167 Forest Avenue,Erlanger,"1,552",0.9,218128.57,177185.83,2/17/2020,Deven Payne
36468 Hilltop Road,Richmond,"1,855",0.9,318844.47,306568.96,2/17/2020,Ivan Cordova
84735 5th Avenue,St. Matthews,"4,287",0.7,608535.60,555836.42,12/17/2020,Timothy Case
54284 Myrtle Avenue,Florence,"6,239",0.8,765035.99,737724.20,8/10/2020,Hazel Richardson
77166 Main Street South,Jeffersontown,"1,572",0.2,186690.82,185682.69,8/24/2020,Hazel Richardson
81619 Charles Street,Jeffersontown,"2,966",0.2,314982.56,314699.07,8/20/2020,Payton Evans
60868 Grant Avenue,St. Matthews,"1,604",0.4,204987.35,169381.05,7/27/2020,Kaitlynn Oconnor
67748 Washington Avenue,Covington,"9,653",5.7,1368661.29,1169794.80,8/12/2020,Tristan Blevins
77022 Beech Street,Georgetown,"1,658",0.8,241664.27,193645.58,3/24/2020,Deven Payne
11375 Maple Lane,Jeffersontown,"1,246",0.6,221666.82,219782.65,6/4/2020,Tristan Blevins
41837 Olive Street,Frankfort,"1,736",0.5,230875.26,228705.03,1/6/2020,Trevon Lutz
96378 Jackson Street,Florence,"2,264",0.4,349952.04,290320.21,2/23/2020,Priscilla Jackson
80535 5th Street South,St. Matthews,"1,663",0.7,238038.37,221732.74,12/19/2020,Deven Payne
74082 Chapel Street,Jeffersontown,"2,758",0.2,304143.88,270779.29,10/16/2020,Deven Payne
59765 Spring Street,Nicholasville,"8,957",0.5,1167454.23,966885.59,9/13/2020,Kaitlynn Oconnor
48520 Tanglewood Drive,Richmond,"1,234",16.9,1396759.97,1152466.65,5/29/2020,Kaitlynn Oconnor
96397 Jackson Avenue,Florence,"6,803",0.6,956023.72,866061.88,7/16/2020,Deven Payne
26460 Ivy Lane,Lexington,"2,164",0.2,310579.23,272471.16,8/24/2020,Kaitlynn Oconnor
47713 River Street,Richmond,"7,961",0.2,1182173.56,1012295.22,1/27/2020,Hazel Richardson
81793 Willow Avenue,Jeffersontown,"2,146",0.5,299388.67,258402.36,7/27/2020,Trevon Lutz
18453 Colonial Avenue,Covington,"2,509",0.6,385719.02,314283.86,9/4/2020,Evelyn Everett
30057 Bank Street,St. Matthews,"2,721",1,386925.51,346259.64,8/4/2020,Kaitlynn Oconnor
55528 Evergreen Drive,Louisville,"2,374",0.5,378778.45,311621.03,11/24/2020,Trevon Lutz
99817 Cobblestone Court,Jeffersontown,"1,196",0.5,183226.68,154716.61,6/17/2020,Deven Payne
40510 Fairway Drive,Florence,"2,709",0.7,436800.61,415528.42,2/15/2020,Trevon Lutz
76096 Winding Way,Frankfort,"1,699",0.2,261720.40,220499.43,7/21/2020,Trevon Lutz
84349 Amherst Street,Louisville,"1,881",0.7,315824.45,266240.01,3/2/2020,Trevon Lutz
79903 Lantern Lane,Frankfort,"9,450",0.5,1085739.42,991497.24,4/5/2020,Deven Payne
72502 Summit Avenue,Georgetown,"1,596",0.8,277448.91,254892.31,11/2/2020,Deven Payne
37563 Harrison Street,Louisville,"2,240",0.4,353427.73,337488.14,6/25/2020,Trevon Lutz
86554 Route 20,St. Matthews,"1,490",0.9,212858.37,181248.90,8/27/2020,Tristan Blevins
58479 Pennsylvania Avenue,Louisville,"1,574",0.5,215919.60,199984.73,3/15/2020,Hazel Richardson
84545 Monroe Drive,Lexington,"1,412",0.2,174295.28,146408.03,12/29/2020,Hazel Richardson
46188 Virginia Street,Jeffersontown,"1,319",0.6,183615.38,170450.15,6/12/2020,Trevon Lutz
11238 Hickory Lane,Lexington,"7,238",0.9,787635.63,639638.90,3/31/2020,Timothy Case
68798 Williams Street,Lexington,"1,559",0.1,166559.19,141042.32,9/11/2020,Priscilla Jackson
95621 Academy Street,Louisville,"2,859",0.8,470944.88,468778.53,5/26/2020,Trevon Lutz
98970 Fawn Court,Louisville,"2,925",0.5,383238.08,355338.34,12/28/2020,Payton Evans
32686 4th Street West,Lexington,"1,335",0.2,208911.60,195353.24,1/9/2020,Deven Payne
60495 Grand Avenue,Covington,"1,600",0.1,194438.46,163522.74,6/10/2020,Deven Payne
93538 Cambridge Court,Frankfort,"2,166",1,294043.82,257082.51,2/20/2020,Tristan Blevins
68514 Bay Street,Georgetown,"1,490",0.2,227709.95,227345.61,10/13/2020,Priscilla Jackson
27567 Heather Lane,Covington,"1,974",0.7,256888.16,240884.03,5/2/2020,Trevon Lutz
39464 Lexington Drive,Louisville,"2,680",0.3,421413.66,376322.40,9/22/2020,Judith Moreno
99105 Route 27,Frankfort,"2,007",0.8,330435.46,296400.61,2/10/2020,Deven Payne
86191 Cleveland Street,Richmond,"1,896",0.5,236275.25,189847.16,3/18/2020,Trevon Lutz
30730 William Street,Nicholasville,"2,848",0.1,346881.77,300330.23,2/26/2020,Tristan Blevins
72914 Briarwood Court,St. Matthews,"1,908",0.2,252421.73,216779.78,9/18/2020,Timothy Case
93618 Clay Street,Florence,"2,861",0.5,464162.83,374904.32,4/25/2020,Hazel Richardson
14323 Pheasant Run,Florence,"2,476",16.8,1535212.56,1293416.58,10/9/2020,Tristan Blevins
86036 Ann Street,Richmond,"2,445",0.7,396833.87,388778.15,11/2/2020,Evelyn Everett
42342 6th Street North,Lexington,"1,085",24.8,1875249.64,1771173.29,3/12/2020,Timothy Case
37409 Hanover Court,Louisville,"1,941",0.8,250041.62,245490.86,2/3/2020,Eliana Baker
74042 9th Street,Louisville,"2,094",0.9,299612.83,276872.22,10/11/2020,Ivan Cordova
85412 Grove Street,St. Matthews,"1,089",0.5,154678.44,142984.75,4/4/2020,Deven Payne
89902 8th Street West,Covington,"7,935",0.6,1085728.58,935029.45,12/21/2020,Judith Moreno
69548 Franklin Avenue,Lexington,"1,480",0.7,249956.80,221511.72,2/11/2020,Priscilla Jackson
44691 Mill Road,Nicholasville,"2,789",0.5,412311.85,371369.28,11/11/2020,Trevon Lutz
36496 Walnut Street,Lexington,"9,984",0.3,1321273.80,1213457.86,7/26/2020,Deven Payne
95212 Roosevelt Avenue,Erlanger,"2,550",0.7,417329.38,360739.52,9/25/2020,Tristan Blevins
64916 Route 7,Georgetown,"1,188",0.5,173610.60,162673.13,8/8/2020,Judith Moreno
67018 Woodland Drive,Jeffersontown,"2,904",0.6,383684.19,374514.13,2/27/2020,Deven Payne
87778 Center Street,Georgetown,"9,013",0.3,1235576.06,1082488.18,5/17/2020,Priscilla Jackson
18935 10th Street,Frankfort,"2,132",0.1,237683.81,193569.69,5/20/2020,Tristan Blevins
94579 Brown Street,Louisville,"2,959",0.1,446237.46,430262.16,6/4/2020,Deven Payne
22472 4th Avenue,Louisville,"2,846",0.7,450558.99,441637.93,11/2/2020,Kaitlynn Oconnor
61147 Maiden Lane,Lexington,"1,043",26.5,1969044.40,1831605.10,12/29/2020,Evelyn Everett
38244 Orchard Street,Erlanger,"2,667",0.3,409577.51,332781.73,9/20/2020,Hazel Richardson
57048 Brook Lane,Lexington,"2,293",0.7,285252.99,254930.59,11/21/2020,Judith Moreno
86311 Valley View Drive,Louisville,"1,258",0.9,251088.04,230398.39,6/7/2020,Kaitlynn Oconnor
79954 Country Lane,Richmond,"2,527",0.7,407652.01,348909.35,12/7/2020,Hazel Richardson
10388 Fieldstone Drive,Jeffersontown,"2,386",0.9,380467.91,361748.89,4/25/2020,Trevon Lutz
20747 Creekside Drive,Richmond,"3,352",0.4,445253.97,406873.07,1/8/2020,Kaitlynn Oconnor
45852 3rd Street West,Frankfort,"2,495",0.8,380111.59,364641.05,5/30/2020,Kaitlynn Oconnor
98890 Madison Court,Erlanger,"1,510",0.8,268832.60,261520.35,6/20/2020,Trevon Lutz
72112 High Street,Florence,"2,783",0.9,455360.67,368705.54,2/25/2020,Deven Payne
50745 Windsor Court,Louisville,"2,009",1,306691.59,297797.53,10/29/2020,Hazel Richardson
18140 4th Street,Florence,"1,921",0.5,233543.20,210329.00,4/12/2020,Deven Payne
78067 8th Street South,Louisville,"2,543",0.3,396236.05,335493.06,8/5/2020,Hazel Richardson
70678 Prospect Avenue,Florence,"1,589",0.6,210536.46,190767.09,2/5/2020,Trevon Lutz
61048 1st Avenue,Frankfort,"2,276",0.6,317699.23,300607.01,5/2/2020,Deven Payne
60274 Holly Drive,Louisville,"1,646",0.8,279485.55,235857.86,6/14/2020,Deven Payne
53487 Hillcrest Drive,Louisville,"1,966",3.3,513529.29,509215.65,2/26/2020,Payton Evans
11363 Bridle Lane,Richmond,"1,256",0.6,210575.58,200973.33,3/21/2020,Trevon Lutz
48856 Church Street North,Jeffersontown,"2,529",0.5,337461.18,310329.30,7/27/2020,Trevon Lutz
44179 Cemetery Road,Louisville,"2,291",0.6,276062.58,229932.52,6/26/2020,Priscilla Jackson
95929 Sunset Drive,Jeffersontown,"2,964",0.6,471335.10,469826.83,7/11/2020,Payton Evans
16985 14th Street,Georgetown,"1,130",0.7,222456.08,195271.95,6/19/2020,Timothy Case
17064 Hickory Street,Florence,"1,102",0.9,233735.17,221954.92,3/25/2020,Timothy Case
88959 Wall Street,Jeffersontown,"2,824",0.4,445828.00,414397.13,8/10/2020,Tristan Blevins
70374 Hamilton Road,Lexington,"5,834",0.5,644451.40,574141.75,7/22/2020,Kaitlynn Oconnor
71634 East Avenue,Georgetown,"1,716",0.2,223363.52,201429.22,10/30/2020,Trevon Lutz
60510 Augusta Drive,Jeffersontown,"1,467",0.5,173046.67,162317.77,3/14/2020,Tristan Blevins
48756 Railroad Avenue,Lexington,"4,153",0.7,479161.36,402783.04,3/28/2020,Trevon Lutz
87219 Devon Road,Erlanger,"1,654",1,324757.83,260845.49,6/14/2020,Hazel Richardson
48837 Division Street,Louisville,"1,108",8.6,843225.68,794740.20,1/3/2020,Timothy Case
21063 Dogwood Drive,Lexington,"1,613",0.6,254904.55,210704.10,10/3/2020,Timothy Case
60537 Main Street,Louisville,"1,639",0.6,251176.45,217543.92,7/19/2020,Hazel Richardson
98549 Woodland Road,Lexington,"1,907",0.7,253741.65,219740.27,3/2/2020,Deven Payne
30160 Canterbury Drive,Louisville,"1,935",0.5,295969.76,252166.24,10/27/2020,Kaitlynn Oconnor
57274 Pin Oak Drive,Erlanger,"2,966",0.5,402191.17,329917.42,5/1/2020,Ivan Cordova
81355 Pine Street,Louisville,"2,459",0.5,316996.84,264819.16,6/15/2020,Deven Payne
81288 College Street,St. Matthews,"5,097",24.9,2399134.99,2115317.32,10/27/2020,Priscilla Jackson
13393 Magnolia Avenue,Frankfort,"1,083",0.2,128644.63,121144.65,2/7/2020,Deven Payne
47896 Harrison Avenue,Florence,"9,213",0.6,1190175.44,1078179.93,8/21/2020,Judith Moreno
27411 2nd Street West,Florence,"2,830",25.7,2220934.00,1916221.86,4/4/2020,Eliana Baker
90631 Broadway,Florence,"1,938",0.3,229691.88,202611.21,3/28/2020,Timothy Case
96977 Elm Avenue,Louisville,"4,549",1,581397.92,544595.43,12/5/2020,Tristan Blevins
99971 Brookside Drive,Louisville,"1,955",0.3,239657.17,216458.35,1/24/2020,Judith Moreno
32965 Bayberry Drive,Louisville,"2,781",0.6,415711.19,345040.29,10/27/2020,Timothy Case
63095 Valley Road,Louisville,"5,479",0.6,829267.99,734068.02,4/24/2020,Priscilla Jackson
77708 Lincoln Avenue,St. Matthews,"1,979",0.4,261695.48,228303.14,6/26/2020,Timothy Case
65201 2nd Avenue,St. Matthews,"2,623",0.2,304732.00,270602.02,6/7/2020,Deven Payne
40065 Laurel Lane,Florence,"1,362",0.3,199406.74,159744.74,5/4/2020,Deven Payne
78133 Cedar Lane,Louisville,"2,336",0.7,362868.32,331625.36,2/21/2020,Timothy Case
68711 Belmont Avenue,Jeffersontown,"1,145",0.6,215921.19,200310.09,2/26/2020,Kaitlynn Oconnor
27487 3rd Street,Covington,"4,662",0.3,611098.85,593926.97,11/9/2020,Judith Moreno
45412 Hawthorne Lane,Covington,"2,735",0.6,412825.32,390367.62,3/10/2020,Tristan Blevins
44166 Colonial Drive,Louisville,"5,104",0.9,762879.46,629528.13,1/25/2020,Tristan Blevins
40596 Madison Avenue,Louisville,"2,338",0.5,367515.85,347559.74,7/13/2020,Deven Payne
68699 Depot Street,Georgetown,"2,790",0.7,475351.03,402099.43,7/30/2020,Tristan Blevins
77727 Sherman Street,Covington,"2,703",0.6,302235.93,269382.89,12/9/2020,Priscilla Jackson
31802 Route 70,Covington,"1,409",0.5,221981.31,204355.99,3/19/2020,Payton Evans
66136 Cleveland Avenue,Jeffersontown,"6,535",12.5,1522708.79,1241769.02,7/9/2020,Eliana Baker
77039 Route 44,Covington,"7,833",0.5,1093511.16,901381.25,3/23/2020,Ivan Cordova
42833 Aspen Drive,Louisville,"1,674",0.2,224093.66,223645.47,7/19/2020,Deven Payne
82329 Cambridge Drive,Louisville,"3,874",0.7,459459.88,444022.03,7/12/2020,Deven Payne
71415 James Street,Nicholasville,"1,906",0.1,252924.95,229478.80,9/8/2020,Deven Payne
36627 13th Street,Richmond,"1,938",0.8,316200.39,303141.31,3/24/2020,Tristan Blevins
77663 Carriage Drive,Georgetown,"1,753",0.9,298600.33,291792.24,1/30/2020,Tristan Blevins
17831 West Street,Louisville,"1,129",0.4,191586.74,172064.05,12/20/2020,Judith Moreno
56905 State Street,Florence,"2,049",0.2,259958.26,230037.06,1/27/2020,Trevon Lutz
10932 Main Street East,St. Matthews,"2,918",0.6,482972.92,423905.33,11/8/2020,Judith Moreno
76874 Magnolia Drive,Florence,"1,455",0.1,190822.81,162123.06,2/18/2020,Evelyn Everett
70273 Magnolia Court,Jeffersontown,"2,044",0.4,331100.56,270774.04,12/22/2020,Hazel Richardson
22974 Cross Street,Florence,"2,319",0.4,276184.06,228514.69,2/25/2020,Kaitlynn Oconnor
20622 Prospect Street,Covington,"8,357",0.5,1070461.78,923915.56,10/6/2020,Tristan Blevins
73699 Meadow Lane,Louisville,"2,893",0.5,457568.29,387377.31,7/22/2020,Deven Payne
65607 Orchard Avenue,Erlanger,"1,901",0.7,312357.39,283589.28,7/31/2020,Priscilla Jackson
38994 Front Street,Erlanger,"2,993",14.5,1575643.55,1534361.69,8/20/2020,Ivan Cordova
23798 Hudson Street,Louisville,"1,953",11.7,1193743.69,1049897.58,6/13/2020,Ivan Cordova
82870 Orchard Lane,Louisville,"2,372",0.7,322417.97,266800.87,12/18/2020,Deven Payne
49231 Washington Street,Louisville,"1,573",0.3,177166.47,156012.79,3/21/2020,Kaitlynn Oconnor
62021 Meadow Street,Florence,"5,529",0.3,683211.96,640716.17,10/7/2020,Kaitlynn Oconnor
40640 Edgewood Drive,Jeffersontown,"1,619",0.4,188631.05,179652.21,7/26/2020,Hazel Richardson
11135 Eagle Road,Lexington,"2,388",0.2,322249.74,258734.32,9/12/2020,Hazel Richardson
67042 Route 5,Covington,"2,418",0.8,361016.73,338128.26,7/10/2020,Tristan Blevins
56373 5th Street,Frankfort,"1,392",0.9,220041.11,214760.12,8/5/2020,Tristan Blevins
68236 Buckingham Drive,Frankfort,"1,691",0.8,223519.67,188650.60,9/19/2020,Deven Payne
71383 Mulberry Lane,Lexington,"4,592",0.7,689832.96,584288.52,2/11/2020,Tristan Blevins
75857 New Street,Jeffersontown,"2,816",0.4,359337.43,352078.82,10/9/2020,Evelyn Everett
12316 Park Place,Richmond,"1,363",0.4,230070.07,226112.87,10/24/2020,Hazel Richardson
84100 Westminster Drive,Florence,"2,889",0.9,341691.44,303011.97,11/21/2020,Trevon Lutz
46162 Orange Street,Lexington,"1,075",1,193402.18,191294.09,4/18/2020,Tristan Blevins
64573 Lilac Lane,Florence,"2,826",0.5,373438.92,318954.18,11/29/2020,Trevon Lutz
13420 King Street,Frankfort,"2,113",0.8,348037.19,282606.20,10/9/2020,Trevon Lutz
95579 Monroe Street,Louisville,"1,113",0.4,153698.32,133041.26,4/5/2020,Tristan Blevins
27133 Fairview Avenue,Richmond,"2,059",0.7,324923.97,297987.78,12/11/2020,Trevon Lutz
70597 2nd Street North,Louisville,"2,587",0.4,300352.25,270347.06,2/6/2020,Trevon Lutz
31092 Route 2,Covington,"8,773",0.6,1146214.18,1029185.71,8/21/2020,Judith Moreno
73719 South Street,Jeffersontown,"1,253",0.7,221948.16,208542.49,6/23/2020,Eliana Baker
48703 Shady Lane,Jeffersontown,"7,878",0.4,884419.06,799337.95,12/25/2020,Timothy Case
79630 Bridge Street,Jeffersontown,"1,668",0.3,269879.61,239680.08,6/23/2020,Tristan Blevins
84425 Country Club Drive,Florence,"2,436",0.1,303935.99,272387.43,10/12/2020,Priscilla Jackson
78060 Route 4,St. Matthews,"2,987",0.4,333753.23,327311.79,4/15/2020,Tristan Blevins
15600 Madison Street,Covington,"2,176",0.3,267665.03,220047.42,10/17/2020,Tristan Blevins
21280 Forest Street,Richmond,"1,433",0.4,208085.07,190293.80,4/17/2020,Kaitlynn Oconnor
45769 Taylor Street,Florence,"1,913",0.4,312056.49,258788.45,5/23/2020,Tristan Blevins
49182 Virginia Avenue,Florence,"2,400",0.4,355440.64,349575.87,2/4/2020,Timothy Case
71486 Sheffield Drive,Louisville,"1,556",0.8,270485.51,245032.82,3/15/2020,Judith Moreno
34307 9th Street West,Florence,"9,427",0.3,1198255.47,1065608.59,7/4/2020,Priscilla Jackson
42947 3rd Avenue,Lexington,"1,276",0.4,189481.19,185123.12,11/27/2020,Timothy Case
13946 North Avenue,Louisville,"2,657",0.3,322727.15,303783.06,10/13/2020,Timothy Case
89626 Elm Street,Frankfort,"1,418",0.4,213495.75,204742.43,2/7/2020,Kaitlynn Oconnor
78996 Fairview Road,St. Matthews,"2,163",18.2,1635722.64,1437800.20,8/2/2020,Judith Moreno
79310 Laurel Lane,Erlanger,"3,407",0.7,508137.95,426022.85,6/13/2020,Timothy Case
50685 Willow Avenue,Georgetown,"2,048",0.2,309799.53,305617.24,11/1/2020,Timothy Case
41520 Prospect Street,Louisville,"2,752",0.5,314060.27,297917.57,5/2/2020,Deven Payne
20623 River Road,Florence,"1,186",0.3,137118.94,128713.55,10/27/2020,Trevon Lutz
37395 Laurel Street,St. Matthews,"1,439",0.2,200556.19,166782.52,9/5/2020,Judith Moreno
72490 Court Street,Louisville,"2,957",0.2,334876.81,311334.97,1/19/2020,Tristan Blevins
79358 Lincoln Street,Florence,"1,605",0.5,187662.58,151931.62,9/11/2020,Kaitlynn Oconnor
18166 James Street,Jeffersontown,"1,352",0.4,187084.40,159582.99,11/1/2020,Hazel Richardson
32637 Ann Street,Covington,"2,108",0.4,306855.27,283380.84,2/22/2020,Timothy Case
93422 Park Place,Florence,"6,162",1,881692.87,864852.53,11/4/2020,Payton Evans
29640 3rd Street West,Georgetown,"1,989",0.6,234882.00,194435.32,3/5/2020,Kaitlynn Oconnor
90872 John Street,Louisville,"2,791",0.2,308935.81,284498.99,11/12/2020,Timothy Case
61433 Hillcrest Avenue,Erlanger,"2,834",0.3,401917.31,353647.04,10/2/2020,Ivan Cordova
20990 Elmwood Avenue,Lexington,"1,554",1,264567.77,259382.24,7/8/2020,Kaitlynn Oconnor
62200 Devonshire Drive,Jeffersontown,"1,629",0.7,238765.85,197196.72,5/23/2020,Evelyn Everett
55417 Clinton Street,Georgetown,"1,198",0.6,212613.65,171281.56,9/5/2020,Kaitlynn Oconnor
18517 3rd Avenue,Lexington,"1,195",0.9,196993.15,168704.93,7/10/2020,Tristan Blevins
43576 4th Avenue,Covington,"4,378",0.2,658534.51,559820.19,4/18/2020,Hazel Richardson
58025 Race Street,Jeffersontown,"1,013",0.2,148049.97,131882.91,1/10/2020,Trevon Lutz
91524 Brandywine Drive,Lexington,"1,417",0.7,241885.67,237410.78,9/21/2020,Hazel Richardson
87851 Hamilton Road,Jeffersontown,"2,889",0.1,358705.25,307087.57,9/23/2020,Payton Evans
39602 10th Street,Covington,"1,099",0.9,170097.13,168617.29,8/21/2020,Judith Moreno
16954 Briarwood Court,Jeffersontown,"9,004",0.6,1317408.64,1201081.46,11/6/2020,Trevon Lutz
11215 Magnolia Avenue,Lexington,"1,948",1,295823.78,291149.76,4/23/2020,Deven Payne
83217 Hillside Avenue,Louisville,"2,338",0.3,293858.17,282221.39,9/2/2020,Judith Moreno
40104 Pine Street,Lexington,"9,545",0.7,1440354.15,1229198.24,12/12/2020,Hazel Richardson
23361 Grove Street,Louisville,"2,055",0.3,285969.11,264607.22,7/1/2020,Deven Payne
83100 3rd Street East,Covington,"1,103",0.4,150586.98,125047.42,2/11/2020,Priscilla Jackson
10425 Willow Drive,Georgetown,"1,265",29.7,1719588.99,1695342.79,2/24/2020,Judith Moreno
76129 Linden Street,Richmond,"1,029",19,1495327.54,1196710.63,4/20/2020,Tristan Blevins
33966 Heather Court,Nicholasville,"2,752",0.6,339989.10,277091.12,1/22/2020,Timothy Case
60376 Cemetery Road,Lexington,"1,524",0.8,285139.05,250808.31,3/18/2020,Kaitlynn Oconnor
58482 Route 20,Erlanger,"2,749",1,417063.23,409973.15,3/11/2020,Tristan Blevins
46950 Front Street North,St. Matthews,"5,109",12.2,1461821.38,1351015.32,11/13/2020,Deven Payne
72937 Route 4,Louisville,"2,018",0.7,241368.02,201300.92,7/2/2020,Deven Payne
86012 Overlook Circle,St. Matthews,"4,053",0.4,493904.80,452021.67,4/28/2020,Priscilla Jackson
95005 Spring Street,Erlanger,"1,085",0.8,165410.62,142650.12,9/1/2020,Hazel Richardson
11662 Maple Avenue,Lexington,"1,716",0.1,221081.47,202068.46,10/27/2020,Hazel Richardson
20914 North Avenue,Louisville,"1,395",0.9,214217.87,201107.74,9/23/2020,Judith Moreno
93933 Route 70,Nicholasville,"1,562",0.6,218095.87,216023.95,10/25/2020,Tristan Blevins
62063 3rd Street North,St. Matthews,"2,889",0.7,488972.80,407265.44,5/13/2020,Judith Moreno
20441 Sherman Street,Louisville,"2,099",19.6,1738520.88,1492694.03,3/10/2020,Deven Payne
14235 Hanover Court,Georgetown,"1,610",5.3,516569.53,445799.50,7/21/2020,Deven Payne
79530 5th Street East,Louisville,"2,195",0.6,346649.97,327826.88,7/30/2020,Deven Payne
32576 Route 1,Erlanger,"2,220",0.7,329773.93,272459.22,4/8/2020,Payton Evans
82942 Church Street,Lexington,"1,999",0.3,294402.23,285658.48,11/30/2020,Evelyn Everett
77967 Park Drive,Louisville,"5,070",0.4,612509.63,588560.51,4/23/2020,Timothy Case
44086 Highland Avenue,Lexington,"7,803",0.2,1112964.02,1049747.67,10/7/2020,Hazel Richardson
20774 Evergreen Lane,Louisville,"2,712",0.5,326696.30,300103.22,5/19/2020,Priscilla Jackson
32588 Valley Road,Louisville,"1,318",0.6,238451.85,230821.39,3/17/2020,Deven Payne
40539 Woodland Drive,Florence,"1,795",0.4,208210.77,185078.55,5/13/2020,Trevon Lutz
91505 Williams Street,Jeffersontown,"1,104",1,205177.28,183674.70,12/6/2020,Deven Payne
34024 High Street,Covington,"1,573",0.2,223012.30,190296.40,1/8/2020,Judith Moreno
13313 Vine Street,Louisville,"2,066",0.9,321517.67,258628.81,9/19/2020,Timothy Case
19699 Route 202,Georgetown,"1,525",0.5,236673.71,204202.07,10/25/2020,Hazel Richardson
90809 Pearl Street,Covington,"1,166",0.3,134901.94,120197.63,4/28/2020,Deven Payne
16008 Spruce Street,Jeffersontown,"2,552",0.6,388470.33,379302.43,2/9/2020,Payton Evans
92623 Wall Street,Covington,"2,101",0.9,327451.55,276925.77,8/13/2020,Deven Payne
53617 Broadway,Jeffersontown,"1,163",0.1,139956.33,118151.13,3/30/2020,Timothy Case
62450 Edgewood Drive,Lexington,"1,028",0.3,168452.46,150023.76,1/13/2020,Payton Evans
94291 Broad Street,Jeffersontown,"1,411",18.5,1183371.00,1075802.58,8/15/2020,Kaitlynn Oconnor
13339 Maiden Lane,Louisville,"2,788",0.8,338262.45,331767.81,4/1/2020,Judith Moreno
86961 Ivy Lane,Richmond,"3,979",0.3,491858.55,466527.83,10/28/2020,Tristan Blevins
75208 Linden Avenue,Louisville,"7,506",0.7,822782.28,662997.96,11/1/2020,Ivan Cordova
41210 Oak Avenue,Jeffersontown,"1,888",0.8,339416.00,326586.08,3/4/2020,Judith Moreno
80156 Jefferson Street,Nicholasville,"2,569",0.1,371139.99,343378.72,3/30/2020,Priscilla Jackson
20831 Charles Street,Lexington,"1,342",0.3,192015.02,161196.61,3/14/2020,Kaitlynn Oconnor
69228 School Street,Richmond,"2,825",0.4,343178.63,302855.14,10/13/2020,Tristan Blevins
37822 Route 17,Georgetown,"2,151",0.4,343239.75,276891.50,2/2/2020,Tristan Blevins
73405 Bayberry Drive,Georgetown,"9,993",0.3,1275068.63,1026430.24,8/10/2020,Ivan Cordova
85304 Windsor Drive,Jeffersontown,"1,965",0.4,238920.84,201983.68,7/9/2020,Deven Payne
64193 Liberty Street,Lexington,"2,801",17.7,1448315.82,1185301.67,2/3/2020,Hazel Richardson
57384 Canterbury Road,Louisville,"2,188",0.2,311096.33,261756.45,10/17/2020,Priscilla Jackson
88135 Aspen Court,St. Matthews,"2,239",0.9,305885.45,303438.36,9/17/2020,Hazel Richardson
53057 Morris Street,Jeffersontown,"1,706",0.9,297069.79,271462.38,9/11/2020,Tristan Blevins
24535 Ashley Court,Jeffersontown,"1,139",0.8,200617.66,191910.85,3/24/2020,Deven Payne
74215 5th Street,St. Matthews,"2,063",22.5,2038660.72,1983413.02,5/8/2020,Ivan Cordova
70429 Poplar Street,Erlanger,"2,076",0.2,303042.96,257434.99,6/12/2020,Hazel Richardson
24825 Arlington Avenue,St. Matthews,"5,226",0.5,593214.65,541071.08,6/9/2020,Trevon Lutz
62315 1st Avenue,Jeffersontown,"2,740",0.2,371070.90,339010.37,3/31/2020,Tristan Blevins
51133 Harrison Street,Jeffersontown,"2,407",0.8,379703.75,364971.24,2/15/2020,Judith Moreno
34722 Depot Street,Florence,"1,230",0.3,200510.10,161911.91,9/9/2020,Tristan Blevins
94358 Warren Street,Louisville,"1,902",9,697461.31,648918.00,4/4/2020,Kaitlynn Oconnor
17215 Augusta Drive,Jeffersontown,"1,962",2.7,365178.40,322342.98,12/11/2020,Judith Moreno
18392 Queen Street,Louisville,"2,585",0.9,377364.40,337590.19,6/17/2020,Deven Payne
67626 Heritage Drive,Richmond,"1,801",0.2,251583.41,227179.82,1/30/2020,Deven Payne
93018 Ivy Court,St. Matthews,"2,865",0.9,440165.39,389062.18,2/25/2020,Kaitlynn Oconnor
98546 King Street,Erlanger,"1,952",0.7,326814.88,310964.36,1/15/2020,Eliana Baker
60313 Holly Court,Lexington,"1,553",1,298337.85,253467.84,2/25/2020,Judith Moreno
48980 Durham Road,Louisville,"2,318",0.3,346605.28,335097.98,9/29/2020,Kaitlynn Oconnor
58996 Harrison Avenue,Louisville,"6,822",0.6,898257.28,808341.72,5/5/2020,Timothy Case
17062 Route 9,Lexington,"4,939",0.8,797145.48,763984.23,11/18/2020,Deven Payne
69430 Route 27,Louisville,"7,477",0.4,1083739.25,1032261.63,3/6/2020,Kaitlynn Oconnor
67516 East Street,Richmond,"5,924",0.5,916335.81,880232.18,4/29/2020,Deven Payne
14559 Brook Lane,Covington,"2,539",0.6,288349.66,267963.34,6/20/2020,Eliana Baker
56476 Cambridge Road,Florence,"2,272",0.4,276559.36,266160.73,3/19/2020,Judith Moreno
56576 Roberts Road,Louisville,"2,622",29.6,2624476.42,2190388.02,10/29/2020,Kaitlynn Oconnor
38070 Union Street,Florence,"2,918",0.3,455340.60,371375.79,6/20/2020,Kaitlynn Oconnor
27197 Main Street North,Florence,"1,934",0.3,260720.12,257408.98,1/12/2020,Payton Evans
14563 Locust Street,Georgetown,"2,130",28.6,2076061.15,1865756.16,7/3/2020,Tristan Blevins
68272 Henry Street,Florence,"1,027",0.4,132961.50,128321.14,7/30/2020,Trevon Lutz
15148 Shady Lane,Florence,"2,367",0.8,340072.10,275390.39,8/18/2020,Tristan Blevins
53463 Beechwood Drive,Lexington,"2,860",1,475935.55,436813.65,7/13/2020,Trevon Lutz
53834 Atlantic Avenue,Louisville,"2,516",0.6,377259.72,314295.08,4/29/2020,Trevon Lutz
11069 Belmont Avenue,Nicholasville,"1,954",0.2,306562.05,292950.69,11/5/2020,Kaitlynn Oconnor
26255 Street Road,Louisville,"1,465",0.7,269343.24,239284.54,12/20/2020,Hazel Richardson
57018 Bay Street,Jeffersontown,"2,309",1,336718.80,288433.32,3/13/2020,Payton Evans
28422 Magnolia Drive,Florence,"2,549",27.3,1813999.88,1602306.09,10/27/2020,Deven Payne
24776 Jefferson Avenue,Georgetown,"1,189",26,2162749.85,2056126.28,5/2/2020,Payton Evans
99448 Route 30,Frankfort,"2,515",3,529531.37,502842.99,8/4/2020,Deven Payne
40464 State Street East,Lexington,"2,760",0.1,326302.92,302743.85,9/20/2020,Tristan Blevins
89811 Durham Court,Frankfort,"1,095",0.4,175005.39,146199.51,6/3/2020,Tristan Blevins
89296 Devon Court,Lexington,"2,500",26.4,2265672.46,1919024.58,12/5/2020,Tristan Blevins
86128 Canterbury Drive,Florence,"4,391",0.7,528073.84,435924.95,2/16/2020,Trevon Lutz
44008 Adams Avenue,Louisville,"2,024",0.8,273922.70,234751.75,5/21/2020,Hazel Richardson
59104 Virginia Avenue,Louisville,"3,260",1,423877.20,342959.04,8/20/2020,Evelyn Everett
91870 Rose Street,St. Matthews,"1,854",0.6,261895.53,216639.98,4/22/2020,Timothy Case
69118 Summer Street,Jeffersontown,"2,966",0.8,399702.86,390030.05,1/5/2020,Priscilla Jackson
33550 Academy Street,Florence,"1,978",0.9,343395.64,338141.69,1/1/2020,Priscilla Jackson
48826 Garden Street,Richmond,"2,499",0.2,393383.37,329694.60,3/31/2020,Priscilla Jackson
84719 Homestead Drive,St. Matthews,"9,470",0.7,1100518.21,911119.02,3/27/2020,Priscilla Jackson
44598 Euclid Avenue,St. Matthews,"7,970",0.6,846464.44,764442.03,1/10/2020,Judith Moreno
51123 Riverside Drive,Louisville,"1,926",0.2,227524.66,207138.45,8/22/2020,Payton Evans
92112 White Street,Louisville,"2,283",0.3,299284.32,263968.77,2/29/2020,Tristan Blevins
19706 Virginia Street,Florence,"2,606",0.9,409261.33,354952.35,3/18/2020,Timothy Case
61306 B Street,Florence,"2,827",0.5,397000.16,395412.16,2/21/2020,Trevon Lutz
12555 Franklin Court,Frankfort,"1,124",0.6,196374.11,194508.55,10/31/2020,Priscilla Jackson
16677 Creekside Drive,Lexington,"2,967",0.4,416760.38,398006.17,9/14/2020,Hazel Richardson
10897 Elm Avenue,Covington,"1,916",0.6,247684.65,210482.42,9/26/2020,Tristan Blevins
56259 4th Street West,Louisville,"2,529",0.8,331608.33,313767.80,6/3/2020,Deven Payne
61839 14th Street,Georgetown,"1,261",0.2,143139.92,139160.63,4/14/2020,Timothy Case
53323 Heather Lane,Covington,"1,424",0.3,205434.67,183329.90,2/3/2020,Evelyn Everett
26383 Route 32,Georgetown,"2,865",0.2,306391.18,283350.56,6/11/2020,Kaitlynn Oconnor
58746 Amherst Street,Frankfort,"2,189",0.6,366447.93,341053.09,7/30/2020,Tristan Blevins
42020 Route 11,Georgetown,"6,641",0.6,756109.54,703786.76,9/25/2020,Tristan Blevins
69424 Devon Road,Erlanger,"2,064",0.4,337028.19,321760.81,8/2/2020,Judith Moreno
45665 Garfield Avenue,Florence,"2,284",0.8,400255.70,380763.25,10/31/2020,Trevon Lutz
86771 8th Street South,Erlanger,"1,444",0.3,237716.04,199253.58,10/31/2020,Tristan Blevins
14140 College Street,St. Matthews,"2,910",0.1,316084.13,270884.10,11/11/2020,Kaitlynn Oconnor
62733 Hickory Street,Louisville,"1,396",0.7,201433.57,161368.43,6/28/2020,Priscilla Jackson
76683 Route 64,Florence,"1,535",0.3,236514.63,214305.91,11/10/2020,Evelyn Everett
22215 Brookside Drive,Louisville,"2,071",0.2,287016.25,282280.48,5/27/2020,Deven Payne
33474 State Street,Erlanger,"4,468",1,542293.88,485624.17,4/20/2020,Ivan Cordova
49029 Eagle Street,Louisville,"8,545",0.5,889193.15,872920.92,11/19/2020,Kaitlynn Oconnor
70472 Cleveland Avenue,St. Matthews,"1,140",0.7,185455.69,153186.40,5/29/2020,Tristan Blevins
55084 Ridge Street,St. Matthews,"3,533",0.7,399783.28,335298.23,1/13/2020,Eliana Baker
68716 Holly Drive,St. Matthews,"6,847",0.9,821727.38,719915.35,2/1/2020,Tristan Blevins
15173 Hamilton Street,Frankfort,"1,724",0.7,268857.53,235062.14,12/22/2020,Deven Payne
61840 Lafayette Avenue,Georgetown,"2,645",0.5,421453.90,376274.04,11/13/2020,Payton Evans
67130 Cedar Court,Louisville,"1,406",13,868657.64,803768.91,4/1/2020,Ivan Cordova
72134 Circle Drive,Louisville,"2,679",0.7,415291.36,393239.38,7/12/2020,Priscilla Jackson
75319 Hillside Drive,Louisville,"6,338",0.6,669776.45,591144.69,4/4/2020,Deven Payne
69565 Jackson Avenue,Covington,"1,917",0.5,248622.60,233307.45,8/31/2020,Judith Moreno
18487 Bridle Court,Covington,"1,773",0.4,213813.13,213043.40,10/25/2020,Timothy Case
23942 Colonial Avenue,Florence,"1,189",0.7,202690.96,189657.93,12/28/2020,Trevon Lutz
42332 Woodland Avenue,Erlanger,"1,053",0.8,185429.26,166478.39,3/31/2020,Tristan Blevins
32199 York Road,St. Matthews,"2,596",0.7,352966.36,310645.70,11/17/2020,Timothy Case
14044 Madison Court,Jeffersontown,"2,434",0.7,351059.85,288887.15,11/22/2020,Timothy Case
68748 Church Street South,Florence,"1,271",1,223918.15,215969.05,9/10/2020,Judith Moreno
10426 Route 29,Louisville,"2,589",0.7,363242.05,314240.69,12/7/2020,Trevon Lutz
53845 Smith Street,Florence,"2,663",0.7,356336.40,332034.26,9/26/2020,Tristan Blevins
37721 Forest Street,Lexington,"2,656",0.2,360635.94,353026.52,12/7/2020,Deven Payne
10700 Lexington Court,Louisville,"1,099",0.5,138147.70,125120.37,3/28/2020,Tristan Blevins
99334 Somerset Drive,Georgetown,"7,777",0.2,995574.11,860176.03,11/19/2020,Tristan Blevins
12532 Railroad Street,Richmond,"2,893",0.5,438283.80,395507.30,5/25/2020,Kaitlynn Oconnor
86071 Ridge Avenue,Lexington,"1,372",0.6,249319.22,203494.35,5/18/2020,Tristan Blevins
90096 Beech Street,Jeffersontown,"1,539",0.5,226932.35,194344.87,3/15/2020,Tristan Blevins
70381 South Street,Louisville,"1,424",0.4,238387.69,227803.27,7/11/2020,Judith Moreno
63723 Hill Street,Jeffersontown,"2,916",0.2,315297.47,286195.51,3/20/2020,Evelyn Everett
98987 Cobblestone Court,Covington,"1,871",0.6,254493.22,249683.30,6/2/2020,Ivan Cordova
96366 4th Street South,Louisville,"1,598",0.9,233666.46,189316.57,7/3/2020,Kaitlynn Oconnor
71070 Oak Lane,Richmond,"2,771",0.1,385979.92,325689.85,7/11/2020,Timothy Case
27186 13th Street,Louisville,"1,852",0.4,269232.54,242793.90,8/5/2020,Tristan Blevins
89569 Fawn Lane,Erlanger,"2,798",0.1,307117.62,303247.94,6/11/2020,Tristan Blevins
53853 Sycamore Lane,Erlanger,"8,698",0.4,1281629.50,1279578.89,11/12/2020,Trevon Lutz
26120 Deerfield Drive,Lexington,"2,663",0.5,304837.63,284626.89,11/16/2020,Payton Evans
76370 Fawn Court,Louisville,"2,597",0.8,363670.29,363342.99,10/2/2020,Ivan Cordova
58889 Lake Street,Erlanger,"2,074",0.3,310786.34,259693.07,1/21/2020,Evelyn Everett
55286 Cleveland Street,Florence,"3,228",0.2,490878.29,393095.33,8/31/2020,Tristan Blevins
31536 Walnut Street,Jeffersontown,"2,420",0.8,343176.83,277938.91,8/7/2020,Ivan Cordova
29051 Westminster Drive,Louisville,"1,707",0.9,253878.64,253624.76,6/1/2020,Trevon Lutz
27065 Walnut Avenue,Louisville,"4,738",0.9,674051.35,606241.78,5/29/2020,Timothy Case
58351 Sherwood Drive,Florence,"3,643",17.4,1342330.48,1178163.47,11/21/2020,Eliana Baker
17799 West Street,Georgetown,"2,162",0.3,245919.17,236869.34,10/24/2020,Eliana Baker
94869 Orchard Avenue,Louisville,"1,495",8,766118.06,739533.77,9/22/2020,Payton Evans
91814 2nd Street East,St. Matthews,"2,868",0.4,364930.34,337889.00,4/5/2020,Tristan Blevins
43997 York Street,Florence,"1,448",0.5,225836.94,200769.04,3/22/2020,Trevon Lutz
64894 Front Street,Louisville,"2,497",0.5,364661.71,340375.24,11/1/2020,Trevon Lutz
55357 Maple Lane,Georgetown,"5,118",0.7,581144.10,542556.13,3/8/2020,Kaitlynn Oconnor
93988 East Avenue,Louisville,"2,526",0.5,359927.73,341463.43,1/30/2020,Tristan Blevins
78539 Primrose Lane,Louisville,"2,957",5.8,806429.26,692642.09,10/21/2020,Tristan Blevins
86819 Laurel Drive,Erlanger,"1,276",0.7,184547.52,155610.47,3/21/2020,Timothy Case
88391 Mulberry Street,Lexington,"1,665",0.8,266654.14,251161.53,4/9/2020,Payton Evans
43597 Cooper Street,Erlanger,"1,090",0.8,179575.94,153393.76,4/20/2020,Payton Evans
46237 Lantern Lane,Florence,"7,313",0.7,1065316.72,999906.27,10/12/2020,Hazel Richardson
46631 Route 2,St. Matthews,"9,939",0.6,1479501.65,1421209.29,4/11/2020,Tristan Blevins
88343 Essex Court,Covington,"1,073",0.6,191663.26,163948.75,12/26/2020,Tristan Blevins
91137 Route 7,Louisville,"1,304",0.2,191709.44,158294.48,5/14/2020,Timothy Case
16167 Chestnut Avenue,St. Matthews,"2,119",0.9,322328.77,264728.62,12/11/2020,Timothy Case
51207 Bridle Lane,Lexington,"2,683",0.9,409188.35,384064.19,9/3/2020,Judith Moreno
57209 Buckingham Drive,Covington,"1,603",0.9,257344.95,256109.70,10/16/2020,Tristan Blevins
62772 Main Street East,Lexington,"2,687",0.8,407019.59,386831.42,3/22/2020,Evelyn Everett
63119 Forest Avenue,Florence,"2,450",0.9,425513.26,373302.78,1/24/2020,Deven Payne
26841 Chapel Street,Lexington,"2,533",0.5,403902.23,378456.38,10/7/2020,Evelyn Everett
17770 Victoria Court,St. Matthews,"4,608",0.2,478979.04,416424.38,8/13/2020,Hazel Richardson
84964 Tanglewood Drive,Jeffersontown,"1,414",0.1,193009.39,179325.02,7/15/2020,Kaitlynn Oconnor
51843 Park Avenue,Louisville,"1,615",0.4,230647.98,225965.82,9/20/2020,Hazel Richardson
43262 Jefferson Court,Louisville,"9,190",0.1,1275281.37,1211262.24,12/11/2020,Timothy Case
92092 Franklin Street,Jeffersontown,"1,580",0.2,197487.58,174184.05,7/16/2020,Tristan Blevins
86307 Madison Street,Florence,"2,682",0.8,336112.88,297896.84,12/5/2020,Tristan Blevins
31595 4th Street North,Erlanger,"1,306",0.1,170712.08,141059.39,2/17/2020,Deven Payne
17331 Cambridge Drive,Jeffersontown,"1,415",0.7,217740.75,216260.11,9/13/2020,Priscilla Jackson
41897 Washington Street,Covington,"2,213",7.1,655961.67,619555.79,9/16/2020,Hazel Richardson
69873 Hilltop Road,Georgetown,"3,288",0.1,370295.17,353150.51,1/10/2020,Kaitlynn Oconnor
92624 9th Street West,Covington,"4,924",1,664380.98,645113.93,5/21/2020,Eliana Baker
97362 6th Avenue,Jeffersontown,"2,643",0.6,374791.65,331203.38,6/19/2020,Timothy Case
91689 Mill Street,Jeffersontown,"1,867",0.9,327588.46,266591.49,8/8/2020,Hazel Richardson
66720 Willow Lane,Louisville,"2,579",4.7,722629.85,617848.52,2/28/2020,Deven Payne
20820 Parker Street,St. Matthews,"1,130",0.3,167289.56,136792.67,8/23/2020,Deven Payne
15248 Fieldstone Drive,Florence,"9,542",0.5,1432732.76,1224843.23,11/27/2020,Timothy Case
50797 Railroad Avenue,Florence,"2,156",0.5,264685.83,236073.29,9/9/2020,Timothy Case
75504 Forest Drive,Jeffersontown,"1,595",0.9,304513.74,259110.74,2/2/2020,Tristan Blevins
22679 Sheffield Drive,Louisville,"2,460",0.5,321971.73,279761.23,11/7/2020,Priscilla Jackson
27355 Cedar Street,Erlanger,"1,037",0.3,121718.44,116423.68,7/4/2020,Judith Moreno
68477 Old York Road,Florence,"4,344",0.3,452648.00,370175.53,7/22/2020,Tristan Blevins
37674 Windsor Court,Frankfort,"2,971",0.6,472306.76,444110.04,11/4/2020,Evelyn Everett
62747 Route 44,Lexington,"1,340",0.7,232207.51,223731.94,2/16/2020,Tristan Blevins
61866 4th Street,Jeffersontown,"2,598",0.7,329027.81,305601.03,12/24/2020,Deven Payne
42347 6th Street West,Erlanger,"1,872",0.9,302100.54,279624.26,2/17/2020,Evelyn Everett
18940 Canterbury Court,Covington,"1,355",0.3,178536.47,158665.36,9/22/2020,Deven Payne
83895 11th Street,St. Matthews,"2,123",1,294238.71,246601.46,11/5/2020,Tristan Blevins
17842 Mill Road,Covington,"3,608",0.4,411701.50,330555.13,4/16/2020,Trevon Lutz
12538 West Avenue,Louisville,"2,041",0.6,280932.65,257896.17,1/23/2020,Tristan Blevins
41587 Fairview Avenue,St. Matthews,"2,654",0.9,427895.58,388914.29,6/14/2020,Kaitlynn Oconnor
73054 Brown Street,Florence,"2,407",0.9,364051.04,355750.68,8/18/2020,Ivan Cordova
71400 Route 41,Louisville,"1,292",26.1,1690015.85,1378714.93,12/29/2020,Judith Moreno
52376 Canal Street,Covington,"1,100",23.9,1798993.87,1594987.97,3/22/2020,Tristan Blevins
82046 Sycamore Drive,Erlanger,"2,606",0.2,393670.26,333596.17,2/16/2020,Priscilla Jackson
60984 Andover Court,Georgetown,"2,175",0.5,250946.32,206202.59,8/31/2020,Kaitlynn Oconnor
37249 Cherry Lane,Louisville,"1,868",0.6,282190.52,226824.74,9/19/2020,Timothy Case
53656 Valley Drive,Lexington,"1,063",0.8,214033.05,179530.92,6/26/2020,Timothy Case
48822 College Avenue,Jeffersontown,"1,011",0.2,112482.62,99490.88,5/26/2020,Timothy Case
20977 8th Street,Florence,"2,746",0.4,355826.97,305619.78,8/20/2020,Deven Payne
92187 Elizabeth Street,Covington,"2,581",0.2,300983.18,287318.55,2/21/2020,Tristan Blevins
76519 Roosevelt Avenue,Georgetown,"2,234",0.3,323213.80,282973.68,2/28/2020,Hazel Richardson
70835 Park Street,Erlanger,"2,236",0.6,342714.40,287057.58,11/25/2020,Ivan Cordova
36317 Orchard Lane,Covington,"1,720",0.5,274738.13,223004.94,6/15/2020,Tristan Blevins
55456 Sunset Drive,Florence,"1,584",8.3,834070.53,781774.31,1/6/2020,Priscilla Jackson
32680 Evergreen Drive,Richmond,"2,061",2.5,458083.24,454601.80,1/5/2020,Judith Moreno
63055 Hawthorne Avenue,Louisville,"2,784",0.5,450621.08,398078.66,7/25/2020,Tristan Blevins
78066 Fairway Drive,Louisville,"1,712",0.8,218440.97,211145.04,5/29/2020,Timothy Case
82215 Lafayette Street,Florence,"2,832",0.5,315331.38,299217.95,3/15/2020,Trevon Lutz
16297 Dogwood Drive,Florence,"2,965",0.7,427465.26,380401.33,8/16/2020,Tristan Blevins
67496 Lilac Lane,Jeffersontown,"1,984",0.3,281544.04,267889.15,12/10/2020,Hazel Richardson
13414 Strawberry Lane,Frankfort,"1,344",19.4,1228184.13,1032411.58,3/11/2020,Trevon Lutz
82912 7th Street,Jeffersontown,"1,858",0.4,309947.00,283322.55,4/5/2020,Kaitlynn Oconnor
81905 5th Street North,Covington,"1,221",0.7,191375.19,156104.74,1/20/2020,Deven Payne
71435 Pleasant Street,Louisville,"1,853",0.7,318300.68,272338.06,2/16/2020,Evelyn Everett
52957 Clark Street,Louisville,"1,010",0.1,155690.34,145383.64,12/19/2020,Judith Moreno
81206 Pennsylvania Avenue,Nicholasville,"2,104",0.5,316509.48,310907.26,3/17/2020,Deven Payne
82256 9th Street,Frankfort,"2,318",0.5,262741.42,228243.47,3/4/2020,Hazel Richardson
53477 Summit Street,Georgetown,"2,202",0.2,284102.28,241543.76,9/10/2020,Deven Payne
20745 Elm Street,Georgetown,"2,109",0.2,303343.50,299036.02,10/1/2020,Judith Moreno
51569 Dogwood Lane,Lexington,"2,944",0.2,358030.88,326273.54,4/28/2020,Kaitlynn Oconnor
76257 Cottage Street,Frankfort,"2,923",0.8,466180.36,413641.83,3/21/2020,Timothy Case
18397 Locust Lane,St. Matthews,"1,805",0.2,191021.77,164355.13,12/26/2020,Tristan Blevins
73492 Spruce Avenue,Nicholasville,"8,336",0.2,1050272.03,922663.98,10/29/2020,Tristan Blevins
36404 Meadow Lane,Louisville,"1,918",0.3,207882.51,184682.82,2/18/2020,Tristan Blevins
88413 George Street,Louisville,"5,071",0.6,731159.58,715732.11,4/18/2020,Kaitlynn Oconnor
51334 Willow Street,Lexington,"2,641",0.9,412687.89,332007.41,9/6/2020,Deven Payne
95572 Woodland Road,Georgetown,"2,847",9.8,919289.07,867441.16,3/21/2020,Tristan Blevins
79547 Ridge Road,Georgetown,"2,527",0.8,360229.22,290236.68,4/29/2020,Judith Moreno
20643 Hudson Street,Covington,"1,216",28.8,1823322.80,1542348.76,1/23/2020,Trevon Lutz
83976 5th Street West,Lexington,"1,728",0.6,234859.63,201509.57,9/23/2020,Deven Payne
18158 Adams Street,Jeffersontown,"2,856",0.9,341879.47,336717.09,9/1/2020,Hazel Richardson
17889 Berkshire Drive,Nicholasville,"1,538",20,1617054.30,1355576.62,1/11/2020,Timothy Case
43895 Franklin Avenue,Louisville,"2,152",0.8,291873.19,259504.45,12/9/2020,Payton Evans
91458 Hartford Road,Nicholasville,"1,866",0.4,250513.84,223207.83,2/2/2020,Trevon Lutz
39803 Cedar Avenue,Florence,"1,635",0.7,228291.28,183683.16,11/18/2020,Hazel Richardson
13239 Schoolhouse Lane,Jeffersontown,"1,290",0.4,153970.41,148627.64,9/4/2020,Judith Moreno
40162 Water Street,Louisville,"1,848",0.2,245209.21,204210.23,3/7/2020,Tristan Blevins
67163 Route 100,Louisville,"2,335",0.9,290805.04,240931.98,11/24/2020,Kaitlynn Oconnor
58260 1st Street,Frankfort,"1,392",0.4,214341.12,178160.34,4/2/2020,Deven Payne
86696 Wood Street,Erlanger,"1,766",1,285521.45,270731.43,10/26/2020,Kaitlynn Oconnor
44598 Maple Street,Lexington,"1,768",0.2,277787.90,232119.57,4/11/2020,Payton Evans
65198 Jones Street,Louisville,"2,342",0.7,391640.25,331288.49,6/25/2020,Tristan Blevins
60739 Valley View Road,Frankfort,"1,428",0.9,233820.30,211443.70,4/8/2020,Deven Payne
50831 Lake Avenue,Georgetown,"8,744",0.7,1348996.65,1291664.30,5/31/2020,Kaitlynn Oconnor
76208 Linda Lane,Florence,"2,297",28.6,2134115.10,2111920.30,8/31/2020,Timothy Case
14143 Winding Way,Jeffersontown,"1,162",0.5,147892.17,120310.28,1/4/2020,Hazel Richardson
41352 Catherine Street,Covington,"2,808",0.6,320412.90,304584.50,12/12/2020,Hazel Richardson
21520 Pheasant Run,St. Matthews,"2,168",0.3,267878.52,267798.16,1/4/2020,Eliana Baker
83877 Fulton Street,St. Matthews,"3,363",0.6,411283.18,376077.34,3/28/2020,Judith Moreno
19568 Hillcrest Drive,Covington,"1,019",0.2,135926.10,116135.26,10/3/2020,Timothy Case
53117 Olive Street,Georgetown,"2,614",28.7,1983320.96,1587251.77,8/2/2020,Tristan Blevins
96675 Mulberry Lane,Covington,"2,786",0.3,435300.04,388069.98,11/18/2020,Timothy Case
47006 2nd Street West,Covington,"7,315",0.9,1096488.10,988374.37,10/29/2020,Tristan Blevins
92797 Oxford Road,Lexington,"2,607",0.6,373390.74,362002.32,10/27/2020,Judith Moreno
13708 8th Avenue,Richmond,"2,384",0.2,330161.52,291301.51,4/16/2020,Trevon Lutz
85982 Magnolia Court,Jeffersontown,"3,130",0.3,334439.10,281363.61,5/3/2020,Timothy Case
57385 Hickory Lane,Florence,"2,645",0.6,350087.19,321765.14,1/6/2020,Deven Payne
21539 Bank Street,Georgetown,"1,066",0.9,221055.32,190350.73,6/6/2020,Trevon Lutz
12472 Main Street,Jeffersontown,"7,202",0.6,815044.93,788637.48,4/10/2020,Priscilla Jackson
29725 Green Street,Lexington,"2,970",0.2,430686.35,371208.57,11/11/2020,Timothy Case
97518 Buttonwood Drive,Louisville,"2,437",0.3,297325.34,255818.72,9/21/2020,Hazel Richardson
53833 Lincoln Avenue,Lexington,"1,629",0.9,217585.12,203529.13,5/7/2020,Deven Payne
20682 Penn Street,St. Matthews,"1,093",0.6,190204.50,160095.12,1/11/2020,Trevon Lutz
20007 Meadow Street,Louisville,"1,505",0.7,236934.58,227291.34,5/10/2020,Tristan Blevins
91131 Cambridge Court,St. Matthews,"2,463",0.8,369661.06,302863.30,2/18/2020,Kaitlynn Oconnor
22463 Creek Road,Covington,"1,619",0.2,236007.93,190505.60,2/17/2020,Trevon Lutz
79457 Edgewood Road,Covington,"2,675",0.8,328744.25,296264.32,6/2/2020,Kaitlynn Oconnor
74270 Myrtle Street,Richmond,"2,723",0.9,412362.40,408321.25,1/24/2020,Trevon Lutz
45515 2nd Street,Covington,"1,219",0.2,185134.44,159234.13,1/21/2020,Ivan Cordova
22218 Washington Avenue,Georgetown,"2,303",0.9,300635.37,296516.67,6/3/2020,Timothy Case
66179 Myrtle Avenue,Frankfort,"2,877",0.8,447736.14,386082.87,7/10/2020,Deven Payne
59726 2nd Street North,Louisville,"1,331",0.3,154361.64,138431.52,4/16/2020,Timothy Case
32928 Country Club Drive,Louisville,"1,344",0.8,240185.40,197696.60,2/4/2020,Judith Moreno
64265 Church Road,Covington,"2,457",0.8,298132.33,274937.63,2/12/2020,Hazel Richardson
26680 Cypress Court,Louisville,"2,636",15.2,1295164.65,1198286.33,5/2/2020,Tristan Blevins
30846 Crescent Street,Frankfort,"2,264",0.7,293957.37,282257.87,8/19/2020,Judith Moreno
65696 New Street,Lexington,"2,305",1,349056.66,325984.01,3/17/2020,Hazel Richardson
75107 5th Street South,Lexington,"2,380",0.3,371299.41,352103.23,3/25/2020,Evelyn Everett
37102 Cedar Lane,Louisville,"3,000",0.9,470237.20,434028.94,5/23/2020,Deven Payne
32996 Arch Street,Florence,"1,929",0.7,236517.16,226417.88,3/8/2020,Tristan Blevins
49024 Rosewood Drive,Jeffersontown,"1,115",0.7,216642.91,185078.04,3/10/2020,Deven Payne
78080 Country Club Road,Jeffersontown,"2,696",0.2,342002.78,277706.26,5/18/2020,Deven Payne
13960 Broad Street West,Frankfort,"1,857",0.1,233225.31,232805.50,4/17/2020,Timothy Case
21951 Lexington Drive,Richmond,"7,197",0.3,928166.71,909510.56,2/5/2020,Kaitlynn Oconnor
25710 Delaware Avenue,Louisville,"1,312",0.1,201328.99,173485.19,12/12/2020,Tristan Blevins
19603 Inverness Drive,Lexington,"2,490",0.6,318911.96,290433.12,8/23/2020,Payton Evans
60279 Highland Drive,Florence,"4,772",0.7,674743.02,563747.79,10/16/2020,Tristan Blevins
98139 Sycamore Street,Georgetown,"2,179",0.6,345163.62,311406.61,7/13/2020,Tristan Blevins
21249 6th Street North,Jeffersontown,"5,438",0.4,750074.00,686917.77,7/15/2020,Tristan Blevins
61210 12th Street East,Louisville,"1,789",0.8,286329.76,283094.24,6/24/2020,Deven Payne
92287 Main Street South,Georgetown,"2,967",0.6,350634.90,295059.27,12/9/2020,Deven Payne
81185 Oxford Court,Lexington,"2,165",0.5,307521.60,285349.29,7/4/2020,Tristan Blevins
77456 Church Street North,Lexington,"2,672",0.9,380809.41,338158.76,11/10/2020,Hazel Richardson
81946 Orange Street,Erlanger,"2,071",0.9,356937.30,329631.59,5/24/2020,Timothy Case
21011 Jackson Street,Erlanger,"1,426",21.4,1380331.49,1319734.93,5/10/2020,Timothy Case
54812 Grant Street,Florence,"7,675",0.4,1184403.30,1121511.49,7/2/2020,Deven Payne
18597 Route 10,Jeffersontown,"2,733",0.1,361030.84,295756.46,9/9/2020,Tristan Blevins
50732 12th Street,St. Matthews,"2,306",0.8,324811.90,292817.93,8/2/2020,Hazel Richardson
15264 Lakeview Drive,Nicholasville,"1,864",0.4,303142.08,263945.81,1/6/2020,Tristan Blevins
72851 William Street,Florence,"2,051",23.1,1566799.54,1488302.88,12/18/2020,Timothy Case
18073 Briarwood Drive,Georgetown,"4,596",0.9,686358.58,618752.26,4/18/2020,Deven Payne
12642 Grove Avenue,Covington,"2,336",0.7,292129.74,273579.50,12/3/2020,Timothy Case
98722 Eagle Road,Georgetown,"2,622",0.1,396477.90,348464.43,11/5/2020,Judith Moreno
15208 Monroe Street,Louisville,"2,281",0.4,345473.20,343434.91,11/23/2020,Trevon Lutz
16986 Glenwood Drive,Louisville,"2,065",0.6,239093.09,192398.21,9/6/2020,Payton Evans
83419 River Street,Louisville,"3,588",6.7,830511.77,669392.49,3/5/2020,Priscilla Jackson
94019 Summit Avenue,Erlanger,"1,349",0.6,244232.04,199073.53,9/13/2020,Kaitlynn Oconnor
65893 Division Street,Jeffersontown,"2,652",26.1,1728646.90,1594676.77,7/10/2020,Trevon Lutz
94986 Colonial Drive,Lexington,"2,069",0.2,266858.28,259839.90,11/24/2020,Payton Evans
64916 Cross Street,Covington,"1,718",0.7,283071.58,280212.55,9/15/2020,Tristan Blevins
58236 Country Lane,Louisville,"2,715",1,331866.46,284741.43,7/3/2020,Timothy Case
32805 Madison Avenue,Louisville,"1,053",0.6,193338.58,156894.25,10/25/2020,Tristan Blevins
24872 8th Street West,Georgetown,"1,684",0.5,239023.12,210388.15,10/9/2020,Trevon Lutz
26251 Columbia Street,Florence,"1,893",0.8,266263.58,242273.23,3/25/2020,Judith Moreno
69086 Pin Oak Drive,Louisville,"1,699",0.7,299620.81,264774.91,4/20/2020,Trevon Lutz
41865 Valley View Drive,Frankfort,"2,115",0.8,259696.09,237414.16,12/5/2020,Kaitlynn Oconnor
69398 7th Avenue,Louisville,"2,148",1,322694.72,320629.48,5/5/2020,Deven Payne
63268 North Street,Jeffersontown,"1,614",0.5,205946.18,198696.87,8/19/2020,Tristan Blevins
87581 Sunset Avenue,Covington,"2,484",0.1,363879.27,358093.59,9/6/2020,Trevon Lutz
93267 Center Street,Jeffersontown,"3,933",0.1,408320.73,345316.84,2/18/2020,Priscilla Jackson
18845 Bridge Street,Frankfort,"8,660",0.2,968720.25,823605.96,7/27/2020,Payton Evans
27513 Glenwood Avenue,Richmond,"2,837",0.2,330872.28,290075.73,2/22/2020,Deven Payne
87390 Market Street,Georgetown,"2,111",0.8,376407.17,316031.46,5/23/2020,Priscilla Jackson
55890 Manor Drive,Nicholasville,"1,189",0.2,155283.00,147829.41,10/19/2020,Deven Payne
72720 Warren Avenue,Louisville,"5,821",7.6,1403788.99,1146193.71,2/2/2020,Eliana Baker
13639 Orchard Street,Louisville,"2,784",0.5,419611.50,405974.13,7/23/2020,Hazel Richardson
49988 Mechanic Street,Jeffersontown,"1,733",25.9,2115855.97,1796573.30,9/28/2020,Kaitlynn Oconnor
31063 Aspen Drive,Richmond,"1,698",0.6,268635.27,264068.47,6/28/2020,Deven Payne
68179 3rd Street,Lexington,"2,800",0.8,444474.07,362913.08,1/25/2020,Payton Evans
29300 Howard Street,Jeffersontown,"1,154",0.7,174504.94,141296.65,4/25/2020,Judith Moreno
28500 Chestnut Street,Florence,"2,408",0.2,329622.75,282420.77,2/5/2020,Deven Payne
80643 Route 6,Jeffersontown,"1,372",0.6,196464.40,191081.27,1/2/2020,Ivan Cordova
97812 Mulberry Court,Lexington,"2,078",0.4,285747.00,271573.95,12/14/2020,Kaitlynn Oconnor
66791 Route 5,Louisville,"1,170",1,250598.79,215590.14,8/15/2020,Timothy Case
10723 Central Avenue,Florence,"2,968",0.6,445051.53,424178.62,5/27/2020,Payton Evans
94360 Taylor Street,Covington,"2,748",15.3,1503090.37,1464911.87,1/1/2020,Deven Payne
51863 Main Street West,Lexington,"2,660",1.5,373473.10,328768.37,5/4/2020,Timothy Case
67295 5th Avenue,Erlanger,"1,564",13.5,1168075.20,1109437.82,1/2/2020,Payton Evans
61549 Prospect Avenue,Covington,"1,529",0.5,198854.72,169662.85,6/29/2020,Tristan Blevins
14882 Clay Street,Jeffersontown,"2,401",11.9,1170818.25,1065093.36,5/22/2020,Deven Payne
30407 Hawthorne Lane,St. Matthews,"3,121",29.1,2423598.21,2034125.97,7/22/2020,Evelyn Everett
98400 Lawrence Street,Jeffersontown,"2,479",0.9,401448.55,332640.27,8/12/2020,Tristan Blevins
10180 Cherry Street,Georgetown,"2,836",0.4,405047.37,397472.98,4/15/2020,Hazel Richardson
25228 2nd Avenue,Louisville,"6,575",0.3,708821.56,593425.41,1/17/2020,Trevon Lutz
89985 Front Street South,Louisville,"1,032",11.5,1042965.00,1036290.02,8/5/2020,Tristan Blevins
77841 Oak Street,Florence,"1,512",0.7,231394.16,190344.84,6/27/2020,Hazel Richardson
45758 Monroe Drive,Lexington,"6,448",0.2,759892.80,621440.33,6/14/2020,Priscilla Jackson
58474 6th Street,St. Matthews,"1,823",0.2,212180.01,181159.30,9/9/2020,Trevon Lutz
13849 Surrey Lane,Covington,"2,800",0.9,425113.00,422307.25,3/20/2020,Tristan Blevins
65544 Grand Avenue,Lexington,"2,632",0.3,401391.64,354910.49,10/1/2020,Eliana Baker
92344 Redwood Drive,Lexington,"2,133",0.2,235213.20,196685.28,11/25/2020,Deven Payne
59377 Marshall Street,Louisville,"1,590",0.3,198522.76,168307.60,12/23/2020,Priscilla Jackson
10030 Grant Avenue,Nicholasville,"8,826",0.7,1363456.19,1110671.41,6/6/2020,Deven Payne
78844 Cardinal Drive,Jeffersontown,"5,494",0.5,721245.62,621569.47,1/12/2020,Timothy Case
98133 Carriage Drive,Louisville,"1,684",0.5,229389.09,228930.31,4/27/2020,Deven Payne
